horizon,date,MAE,RMSE,WAPE_percent,variant
1,2016-03-28,1.2192989479317462,2.173447939814113,70.65050758781933,FULL_V1
2,2016-03-29,1.2001416135725818,2.903103103524645,69.51243444997179,FULL_V1
3,2016-03-30,1.097861602048214,1.825053106725172,73.8935420207627,FULL_V1
4,2016-03-31,1.239596550382036,2.731302708021724,67.19352104485046,FULL_V1
5,2016-04-01,1.2672605193599218,2.0814451483936725,58.14346635760561,FULL_V1
6,2016-04-02,1.5883657771843844,2.995097752600962,58.67562009804526,FULL_V1
7,2016-04-03,1.6384786912586822,3.1062198344368346,55.71447892424815,FULL_V1
8,2016-04-04,1.4292300377752718,2.697559781105667,62.74987975200322,FULL_V1
9,2016-04-05,1.3327910294594267,2.606848707809217,70.64628215909983,FULL_V1
10,2016-04-06,1.319146121096413,2.3506169169556848,70.25993239494238,FULL_V1
11,2016-04-07,1.3172864624122178,2.354026001122857,77.26288353005538,FULL_V1
12,2016-04-08,1.451384294654969,2.513108684317136,66.40048492261033,FULL_V1
13,2016-04-09,1.560780435899712,2.5493832983686,55.06608117819509,FULL_V1
14,2016-04-10,1.8006774277051052,3.7596261007461207,63.717642541547306,FULL_V1
15,2016-04-11,1.440005797365902,2.681531404520284,71.95022012568849,FULL_V1
16,2016-04-12,1.3122126155396148,2.550342578893257,79.4961858571006,FULL_V1
17,2016-04-13,1.2656586306051674,2.2841755126386385,77.69121965739537,FULL_V1
18,2016-04-14,1.2682193523012335,2.084762715805509,75.27596899037061,FULL_V1
19,2016-04-15,1.348463738889342,2.231369535750217,71.60910542438967,FULL_V1
20,2016-04-16,1.5837139332746062,2.626461925929505,65.37767659050874,FULL_V1
21,2016-04-17,1.679041828385314,2.861226359199241,60.25931836637602,FULL_V1
22,2016-04-18,1.3742240248351678,2.536883701062944,68.4254997812937,FULL_V1
23,2016-04-19,1.2447685182733603,2.093832305364893,71.89438749030622,FULL_V1
24,2016-04-20,1.2716539162732845,2.285739888552876,73.38821998733773,FULL_V1
25,2016-04-21,1.2561685028294765,2.1078451398431435,71.26388229632678,FULL_V1
26,2016-04-22,1.4252710414139156,2.340743358346015,69.19305697674989,FULL_V1
27,2016-04-23,1.624967811279201,2.7225257571721797,63.8872433600058,FULL_V1
28,2016-04-24,1.711910594869781,2.999727943122017,60.69616394838084,FULL_V1
1,2016-03-28,1.2179234599964868,2.1783489250380095,70.57080693608675,NO_PRICE
2,2016-03-29,1.1968232935155816,2.8911961160474102,69.3202367102737,NO_PRICE
3,2016-03-30,1.0981046902660667,1.8180846345964745,73.9099035087746,NO_PRICE
4,2016-03-31,1.2417320564652359,2.730554800632852,67.30927820220836,NO_PRICE
5,2016-04-01,1.2717808995741986,2.0938479187649395,58.35086694406524,NO_PRICE
6,2016-04-02,1.5971645939665495,3.0050700727296062,59.00065608046097,NO_PRICE
7,2016-04-03,1.635466809055613,3.0456836961354563,55.612063526098346,NO_PRICE
8,2016-04-04,1.425065615027754,2.6764017433866334,62.56704212633311,NO_PRICE
9,2016-04-05,1.3336182083450414,2.606846787540877,70.69012782706841,NO_PRICE
10,2016-04-06,1.3163111845764384,2.3482338552722752,70.10893892647672,NO_PRICE
11,2016-04-07,1.3186172066041235,2.3772415053271545,77.34093575061736,NO_PRICE
12,2016-04-08,1.4449054604932852,2.511018786587991,66.10407980671286,NO_PRICE
13,2016-04-09,1.5653459229597286,2.55217915626031,55.22715667304517,NO_PRICE
14,2016-04-10,1.8055413341601414,3.8063565314229724,63.889753685991714,NO_PRICE
15,2016-04-11,1.438608955198519,2.6786274500102154,71.88042658624033,NO_PRICE
16,2016-04-12,1.3036588575135561,2.5350362335474346,78.97798390585919,NO_PRICE
17,2016-04-13,1.2690171961647976,2.2858338532859,77.8973819260493,NO_PRICE
18,2016-04-14,1.2702907739231777,2.101838657261185,75.39891954265205,NO_PRICE
19,2016-04-15,1.3724623822335544,2.2884763786082964,72.8835344888994,NO_PRICE
20,2016-04-16,1.6031894682104217,2.6945013382992333,66.18165084224005,NO_PRICE
21,2016-04-17,1.707815529825587,2.9373292918262255,61.29198092805617,NO_PRICE
22,2016-04-18,1.390273042849512,2.5868702851085863,69.22461408782912,NO_PRICE
23,2016-04-19,1.2635896007100051,2.162121151007915,72.98144116640987,NO_PRICE
24,2016-04-20,1.2801395324220857,2.3136090065448687,73.8779320518288,NO_PRICE
25,2016-04-21,1.2728047156349995,2.1567495478959775,72.20767376105387,NO_PRICE
26,2016-04-22,1.449264006087104,2.397308554542395,70.35785056578273,NO_PRICE
27,2016-04-23,1.6521757365380678,2.8019790817622985,64.95695029836398,NO_PRICE
28,2016-04-24,1.7437055475764216,3.0996191312112917,61.82346093923804,NO_PRICE
1,2016-03-28,1.3254939359010027,2.4711219918271814,76.80382201168311,NO_CALENDAR_EVENT
2,2016-03-29,1.2935302604982084,2.7917717364464982,74.9215229478406,NO_CALENDAR_EVENT
3,2016-03-30,1.2585031151050208,2.1356876212257223,84.7058068574199,NO_CALENDAR_EVENT
4,2016-03-31,1.3520291734382475,2.857171702849884,73.28803931462699,NO_CALENDAR_EVENT
5,2016-04-01,1.267272164642995,2.126090760969622,58.14400065747074,NO_CALENDAR_EVENT
6,2016-04-02,1.5647286619066223,3.1335543649056508,57.80244439999528,NO_CALENDAR_EVENT
7,2016-04-03,1.6428688787427461,3.1023844019275653,55.86376192033426,NO_CALENDAR_EVENT
8,2016-04-04,1.4648715121818676,2.8241814479648584,64.31470708846146,NO_CALENDAR_EVENT
9,2016-04-05,1.374833318555537,2.7155662141641512,72.87478711782762,NO_CALENDAR_EVENT
10,2016-04-06,1.3528045540291196,2.4566669215907826,72.05263692141753,NO_CALENDAR_EVENT
11,2016-04-07,1.3396555874603635,2.4959932104920592,78.57490119104254,NO_CALENDAR_EVENT
12,2016-04-08,1.3975077478248152,2.421972869206891,63.93564576963576,NO_CALENDAR_EVENT
13,2016-04-09,1.5543149197328299,2.5810401782201144,54.83797052924323,NO_CALENDAR_EVENT
14,2016-04-10,1.7600067656739338,3.5421648070681893,62.27849599294368,NO_CALENDAR_EVENT
15,2016-04-11,1.4907124697006513,2.8353676693320238,74.48379064533505,NO_CALENDAR_EVENT
16,2016-04-12,1.399621881925998,2.773409846115925,84.7915954606939,NO_CALENDAR_EVENT
17,2016-04-13,1.3675616771924435,2.520215811316572,83.94643870677237,NO_CALENDAR_EVENT
18,2016-04-14,1.3548859480626507,2.23251162669304,80.42012008946837,NO_CALENDAR_EVENT
19,2016-04-15,1.315082075747369,2.089161483482692,69.83639847926716,NO_CALENDAR_EVENT
20,2016-04-16,1.526318628343876,2.5400491141868033,63.0083271740922,NO_CALENDAR_EVENT
21,2016-04-17,1.6903837410685791,2.9656353811994607,60.666369528360356,NO_CALENDAR_EVENT
22,2016-04-18,1.409104418546472,2.753110054021848,70.16226782575468,NO_CALENDAR_EVENT
23,2016-04-19,1.343066047239665,2.236993280754161,77.5717809438665,NO_CALENDAR_EVENT
24,2016-04-20,1.3483003930217232,2.33383337666275,77.81155280209704,NO_CALENDAR_EVENT
25,2016-04-21,1.3081569942722204,2.1512346302771106,74.21324914209163,NO_CALENDAR_EVENT
26,2016-04-22,1.4133469035856103,2.329226361028986,68.61417231258521,NO_CALENDAR_EVENT
27,2016-04-23,1.5503355511399368,2.63782851899741,60.95300101198603,NO_CALENDAR_EVENT
28,2016-04-24,1.746290350916472,3.124042525877897,61.91510570606884,NO_CALENDAR_EVENT
1,2016-03-28,1.3277389055688134,2.5517042048811227,76.93390352025745,DEMAND_PRODUCT_ONLY
2,2016-03-29,1.2917155181643474,2.794513105289794,74.81641272076449,DEMAND_PRODUCT_ONLY
3,2016-03-30,1.258813476743369,2.1759775426420114,84.72669630352325,DEMAND_PRODUCT_ONLY
4,2016-03-31,1.3516217014471539,2.8579573835062706,73.2659519041705,DEMAND_PRODUCT_ONLY
5,2016-04-01,1.2634223789168995,2.108866522005116,57.96736776831368,DEMAND_PRODUCT_ONLY
6,2016-04-02,1.566791267730422,3.1383822576679843,57.87863886191816,DEMAND_PRODUCT_ONLY
7,2016-04-03,1.6411611322006834,3.0509029955653277,55.80569207222863,DEMAND_PRODUCT_ONLY
8,2016-04-04,1.463477778573107,2.873721860826421,64.25351566787518,DEMAND_PRODUCT_ONLY
9,2016-04-05,1.3676832080581345,2.724468950481623,72.49578642491845,DEMAND_PRODUCT_ONLY
10,2016-04-06,1.3331558098192648,2.4185342993663332,71.00611188696381,DEMAND_PRODUCT_ONLY
11,2016-04-07,1.3393713355558732,2.503917659176758,78.55822894668529,DEMAND_PRODUCT_ONLY
12,2016-04-08,1.3929766553103964,2.441096703207206,63.72834936902386,DEMAND_PRODUCT_ONLY
13,2016-04-09,1.5505624029826064,2.5841467030154166,54.705577537098094,DEMAND_PRODUCT_ONLY
14,2016-04-10,1.7530808667343651,3.5382059378459254,62.03342047518549,DEMAND_PRODUCT_ONLY
15,2016-04-11,1.4839481956466596,2.8412949217766394,74.14581213992524,DEMAND_PRODUCT_ONLY
16,2016-04-12,1.3842926349803752,2.765828510201048,83.86292227937602,DEMAND_PRODUCT_ONLY
17,2016-04-13,1.3575995053049137,2.521027136074209,83.33492050931913,DEMAND_PRODUCT_ONLY
18,2016-04-14,1.3348407660212878,2.2178429935925843,79.23032551724867,DEMAND_PRODUCT_ONLY
19,2016-04-15,1.307032295171461,2.077499981781811,69.40892121808535,DEMAND_PRODUCT_ONLY
20,2016-04-16,1.5184241049593605,2.5228776349784026,62.682431451496726,DEMAND_PRODUCT_ONLY
21,2016-04-17,1.7069876797829586,3.0153537880463017,61.262270126076714,DEMAND_PRODUCT_ONLY
22,2016-04-18,1.4249042004155494,2.832695650931228,70.9489721412732,DEMAND_PRODUCT_ONLY
23,2016-04-19,1.3577536042868312,2.2799031072812945,78.4200936238013,DEMAND_PRODUCT_ONLY
24,2016-04-20,1.3496663186817592,2.3943711059375135,77.89038152392321,DEMAND_PRODUCT_ONLY
25,2016-04-21,1.3278688869782398,2.2426988453394405,75.33152746102371,DEMAND_PRODUCT_ONLY
26,2016-04-22,1.4231310793532903,2.3789080189231386,69.08916760238777,DEMAND_PRODUCT_ONLY
27,2016-04-23,1.5694390992375893,2.7096252853291865,61.7040762135271,DEMAND_PRODUCT_ONLY
28,2016-04-24,1.78257251839763,3.244254870604725,63.2014978765703,DEMAND_PRODUCT_ONLY
